[Header],,,,,,,,,,,
IEMFileVersion,5,,,,,,,,,,
InvestigatorName,SB,,,,,,,,,,
ExperimentName,JiyangYu_ATAC_4Libs,,,,,,,,,,
Date,12/29/22,,,,,,,,,,
Workflow,GenerateFASTQ,,,,,,,,,,
Application,NovaSeqFASTQOnly,,,,,,,,,,
InstrumentType,NovaSeq,,,,,,,,,,
Assay,,,,,,,,,,,
Description,,,,,,,,,,,
Chemistry,Default,,,,,,,,,,
,,,,,,,,,,,
[Reads],,,,,,,,,,,
50,,,,,,,,,,,
8,,,,,,,,,,,
24,,,,,,,,,,,
49,,,,,,,,,,,
,,,,,,,,,,,
[Data],,,,,,,,,,,
Lane,Sample_ID,Sample_Name,Sample_Plate,Sample_Well,Index_Plate_Well,I7_Index_ID,index,I5_Index_ID,index2,Sample_Project,Description
,NSG2828_vehicle,,,,,SI-NA-H11,AGGATCGA,,,JiyangYu_multiomeATAC,multiomeATAC
,NSG2828_Asp,,,,,SI-NA-H12,ACGAGTAG,,,JiyangYu_multiomeATAC,multiomeATAC
,NSG2828_vehicle,,,,,SI-NA-H11,CACGATTC,,,JiyangYu_multiomeATAC,multiomeATAC
,NSG2828_Asp,,,,,SI-NA-H12,CAATCCCT,,,JiyangYu_multiomeATAC,multiomeATAC
,NSG2828_vehicle,,,,,SI-NA-H11,GTATCGAG,,,JiyangYu_multiomeATAC,multiomeATAC
,NSG2828_Asp,,,,,SI-NA-H12,GTCCAGGC,,,JiyangYu_multiomeATAC,multiomeATAC
,NSG2828_vehicle,,,,,SI-NA-H11,TCTCGACT,,,JiyangYu_multiomeATAC,multiomeATAC
,NSG2828_Asp,,,,,SI-NA-H12,TGTGTATA,,,JiyangYu_multiomeATAC,multiomeATAC